Advertiser unknown|[Name of Advertiser]|A Billboard|A Newspaper Advertisement|Alcohol Advertisement|An Advertisement|An Advertiser|Unable to be Identified|Unable to be Identified.
20th Century Fox|20th Century Fox "Shutter" movie trailer|20th Century Fox - Date Night
2 Degrees Mobile|2Degrees Mobile Ltd|2 Degrees Mobile Limited|2 Degrees Mobile Ltd|2 Degrees
42 Below Ltd|Seven Tiki Rum (42 Below Limited)
AA Insurance|AA Insurance Limited|AA Life Insurance|The New Zealand Automobile Association|The New Zealand Automobile Association Incorporated (AA)
Abeeco - Performance Health Ltd|abeeco|Performance Health - Abeeco|Performance Health - Abeeco Products|Performance Health Abeeco Products
ACB Holdings Limited|ACB Holdings Limited - Globe Bar
Access Solutions|Access Solutions Limited
Accident Compensation Corporation|Accident Compensation Corporation (ACC)
Accor Hotels|Accor New Zealand
Ace Rental Cars|Ace Rentals Cars
ACP Magazines|ACP Media|ACPMedia - magshop.co.nz|ACP Magazines - North & South Magazine|ACP Media Ltd
ACT New Zealand|ACT Party
Action on Smoking and Health (ASH)|Action on Smoking Health (ASH)
Adult Text Message Service|"Adult Text Message Service"|"Adult Text Messaging Service"
Adventure Tours Christchurch & Canterbury NZ Ltd|Adventure Tours Christchurch and Canterbury New Zealand Ltd.
AFT Pharmaceuticals Limited|AFT Pharmaceuticals Ltd
Air New Zealand|Air New Zealand Limited|Air New Zealand Ltd|Air New Zealand Limited:
AirTech|Airtech Limited
Ansell Limited|Ansell Billboard
Antares Restaurant Group|Antares Restaurant Group Limited|Antares Restaurant Group Ltd|Antares Restaurant and Group Ltd
Antionco Herb Research Centre|Antionco-Herb Research Centre
Anytime Fitness|Anytime Fitness NZ Ltd
ANZ National Bank Limited|ANZ National Financial Group|ANZ National Bank Financial Group|ANZ Bank New Zealand Limited|ANZ Financial Group
APN New Zealand Ltd|APN News and Media
Apple Computers|Apple Pty Limited|Apple Pty Limited (New Zealand)|Apple|Apple New Zealand|Apple NZ
Appliance Shed Limited|Appliance Shed Ltd
Arnotts Campbells New Zealand Limited|Arnotts Campbells New Zealand Ltd
Arrow Pharmaceuticals (NZ) Limited|Arrow Pharmaceuticals (NZ) Ltd
Arthur Barnett Department Store|Arthur Barnett
ASB Bank|ASB Bank Limited
Astro Coachlines Ltd|Astro Coachlines
Ateco Automotive New Zealand Limited|Ateco Automotive NZ Limited|Ateco Automotive Limited|Ateco Automotive NZ Ltd|Atecho Automotive New Zealand
Auckland International Airport Limited|Auckland Airport
Audi|Audi New Zealand|Audi NZ
Automated Music Systems and another.|Automated Music Systems
Award Concepts Limited|Award Concepts Ltd
Ballantynes|Ballentynes Fashion Central
Baycorp (NZ) Limited|Baycorp (NZ) Ltd
Bayer HealthCare|Bayer New Zealand Limited|Bayer New Zealand Ltd|Bayer Pharmaceuticals|Bayer New Zealand|Bayer Health Care
Bayleys Real Estate Ltd|Bayleys Real Estate (Winning Realty Groupl Ltd)
Beam Global (NZ) Ltd|Beam Global Spirits and Wine Inc|Beam Global Spirits and Wine Inc - Beam Global (NZ) Ltd|Beam New Zealand|Beam New Zealand Limited|Beam Global (NZ) Limited|Maxxium New Zealand - Jim Beam
Bee Pure New Zealand|Bee Pure NZ
Beiersorf Australia Limited|Beiersdorf Australia Ltd
Bell Tea & Coffee Company Limited|Bell Tea Company
Betta Electrical|Bay Betta Electrical - Opotiki|Central Betta Electrical|Fahy's Betta Electrical
Bikanervala Restaurant|Bikanerwala Restaurant
Bioptron|Bioptron Light and Colour Health and Wellbeing Centre|Bioptron Nonscents|Bioptron.infogen.net.nz|Zepter International Ltd|Zepter International New Zealand|Zepter International NZ Ltd|Bioptron Light and Colour Health and
Blackbourn Chiropractic|Blackbourn Chiropractic Centers
Blue Wing Honda Limited|Blue Wing Honda Ltd
Bluebird|Bluebird Foods Limited|Bluebird Foods Ltd|Bluebird Chippies "Rugby Superstars" Promotion
BMW Group New Zealand|BMW Group New Zealand Limited|BMW Group New Zealand Ltd|BMW Group NZ Ltd
Body Magnetix Limited|Body Magnetix Ltd
Bose Pty Limited|The Bose Store
BP Oil|BP 2 Go|BP Oil New Zealand Limited
Brand Developers|Brand Developers - Monster 1200W Steaming Machine|Brand Developers - The Gold Mint|Brand Developers - Thin Lizzy|Brand Developers Limited|Brand Developers Limited (Ab King Pro)|Brand Developers Limited - Barefoot Science|Brand Developers Limited - Dual Action Cleanse|Brand Developers Ltd|Brand Developers Limited Appellant: Brand Developers Limited
Brandlines Limited|Brandlines Ltd|Brandlines Ltd - Mentos Ice Gum
BrandWorld Limited|BrandWorld|BrandWorld Ltd|BrandWorld Ltd - Family Health Diary|Brand World|Brand World Ltd
Bras 'n Things|Bras 'n Things - Ultimate Body
Brendan Foot Motors|Brendon Foot Motors
Bridgestone New Zealand Limited|Bridgestone New Zealand Ltd|Bridgestone Tyres
Briscoes Group|Briscoe Group Limited|Briscoes (NZ) Limited|Briscoes Group Limited|Briscoes|Briscoe Group Ltd|Briscoes Group Ltd
British American Tobacco New Zealand|British American Tobacco New
Buena Vista International|Buena Vista International (Australia)|Buena Vista International (NZ)
Bunnings Warehouse|Bunnings Limited
Burger King|Burger King New Zealand|TPF Group - Burger King|TPF Group Limited - Burger King|TPF Restaurants Limited - Burger King|TPF Restaurants Ltd - Burger King|Antares Restaurant Group Ltd (Burger King)|Media Works (TPF Group Limited - Burger King)|Burger King NZ
BurgerFuel|Burger Fuel
Cadbury Limited|Cadbury Confectionary Limited|Cadbury Confectionary Ltd|Cadbury Confectionery Limited|Cadbury Confectionery Ltd
Calendar Girls|Calendar Girls Review Bar|Calendar Girls Revue Bar|Calendar Girls Bar
Calvin Klein Inc|Calvin Klein Jeans
Caltex New Zealand Limited|Caltex Fitzherbert
Candor Trust|Candor Trust Board
Canoe & Kayak Bay of Plenty|Canoe and Kayak Bay of Plenty
Canvas|Canvas –The Style Issue
Carpet One|Carpet One New Zealand Limited
Carter Holt Harvey|Carters Holt Harvey Limited
Cash Converters|Cash Converters New Zealand & Pacific Island Limited|Cash Converters NZ and Pacific Islands Ltd
Cellular Dreams New Zealand Limited|Cellular Dreams (NZ) Pty Ltd
Cerebos Greggs|Cerebos Greggs Limited
Charlies Trading Company|Charlies Group Limited|Charlies Trading Company Ltd
Chrisco Hampers New Zealand Limited|Chrisco New Zealand Hampers Limited|Chrisco Hampers New Zealand Ltd
Chrysler New Zealand|Chrysler NZ
Cigna Life Insurance|CIGNA Life Insurance New Zealand Ltd|Cigna Life Insurance NZ Limited|Cigna Life Insurance NZ Ltd|Cigna|Cigna Life Insurance Limited|Cigna Life Insurance New Zealand Limited
Clorox New Zealand Limited|Clorox New Zealand for Gladware
CMC Markets|CMC Markets NZ Limited
Co-Operative Bank|The Co-operative Bank
Coca-Cola Oceania Limited|Coca Cola Oceania Ltd|Coca Cola Oceania Ltd - TAB Energy drink|Coca-Cola Amatil (NZ) Ltd|Coca-Cola Amatil NZ Ltd|Coca-Cola Oceania|Coca-Cola Oceania Ltd|Coca-Cola Oceania NZ Ltd|Coca-Cola Amatil|Coca-Cola
Cockram Motors Ltd|Cockram Nissan
Cohen's Lifestyle Clinic|Cohens Lifestyle Clinic
Colgate-Palmolive Limited|Colgate-Palmolive Pty Ltd
Compass Life|Compass Life Ltd
Conservative Party|Conservative Political Party
Contours Gym|Contours Gym Ltd|Contours International Limited
Cooks Honda|Cooks Honda Stratford
Cottonsoft Limited|Cottonsoft Ltd
Craigs Investment Partners|Craig Investment Partners
Crazy Domains|Crazy Domains Pty Ltd
Cristal Air International|Cristal Air International HRV|Cristal Air International - HRV|Cristal Air International Ltd - HRV|Cristal Air International Ltd / HRV|Cristal Air Ltd|Cristal Air International Ltd|HRV
CSL Biotherapies|CSL Biotherapies (NZ) Limited|CSL Biotherapies (NZ) Ltd
D.Vice New Zealand|Dvice New Zealand
DairyNZ Limited|DairyNZ Ltd
Davidson's Apiaries Ltd|Davidsons Apiaries Ltd|The Apiary
DB Breweries|DB Breweries Limited|DB Breweries Limited - Tui Beer|DB Breweries Ltd|DB Breweries Ltd (Heineken)
Deacon Holdings Limited|Deacon Holdings Ltd|Deacon Holdings Ltd - G J Gardner Homes|Deacon Holdings Ltd - G. J. Gardner Homes|Deacon Holdings Ltd - GJ Gardner|Deacon Holding Limited|G. J. Gardner
Delegat's Wine Estate Limited|Delegate's Wine Estate|Delegates Wine Estate Limited|Delegats Wine Estate Limited
Demon Drinks Limited|Demon Drinks Ltd|Demon Energy Drinks Ltd
Dick Smith Electronics|Dick Smith|Dick Smith Electronics Limited|Dick Smith Electronics Ltd|Dick Smith Electronics (NZ) Limited|Woolworths Limited|Woolworths Management Pty Ltd
Dilmah Tea|Dilmah Tea Australia
DMG World Media Ltd|DMG World Media
Domino's Pizza|Domino's Pizza Enterprises Limited|Domino's Pizza Enterprises Ltd|Dominoes Pizza Enterprises|Dominos Pizza|Dominos Pizza Enterprises Ltd
Dunedin City Council|Dunedin City Council Liquor Licensing
DVS|DVS Home Ventilation
EA Australia|EA Australia and
Earthquake Services Limited|Earthquake Services
EB Games|EB Games - NZ|EB Games Australia|EB Games New Zealand
eBusiness|eBusiness Trading Limited
Econo-Heat New Zealand|Econo Heat New Zealand
Eken Power Bands|Eken Power Band
Electro Circulation Booster|'Electro Circulation Booster'
Eli Lilly and Company (NZ) Limited|Eli Lilly and Company (NZ) Ltd
Elite Fitness|Elite Fitness Equipment Limited
Emirates Air|Emirates
Energizer NZ Limited|Energizer NZ Ltd|Energizer Schick HYDRO|Energizer New Zealand Limited
Energy Efficiency and Conservation Authority|Energy Efficiency and Conservation Authority (EECA)|Energy Efficiency and Conversation Authority
Engineering, Printing and Manufacturing Union (EPMU)|Engineering Printing and Manufacturing Union
Entertainment One Hopscotch|Hopscotch Films & Hopscotch Entertainment
Epiderm New Zealand|Epiderm New Zealand Limited|Epiderm New Zealand Ltd
Equippers Church Hawkes Bay|Equippers Church Hawke's Bay
Erotica Expo Limited|Erotica "Boobs on Bikes" Parade|Erotica Expo Limited - Boobs on Bikes Parade|Erotica Expo Ltd|Erotica Lifestyles Expo
Erox Adult Stores|Erox Adult Stores Ltd
Eshe Skateboard Co.|Eshe Skateboards|Eshe Skateboards Co.
Etech Media Ltd|Etechmedia Ltd
Expedia.com Limited|Expedia Inc
Expol|Expol Insulation|Expol Limited|Expol Ltd
Export Meat Warehouse|Export Meat Warehouse - Upper Hutt|Export Meat Warehouse Limited|Export Meat Warehouse Upper Hutt
Eye Institute|Eye Institute Limited
EziBuy Limited|EziBuy Ltd
Fairfax Interactive|Fairfax Magazines - NZ Trucking Magazine|Fairfax Media|NZ Trucking Magazine - Fairfax Media
Family First|Family First New Zealand
Far North Fuels Limited|Far North Fuels Ltd
Farmers Trading Company|Farmers Trading Company Limited|Farmers Trading Company Ltd
Fatso|Fatso.co.nz
Femme Fatale|Femme Fatal
Ferrero Australia|Ferrero Australia Pty. Ltd
Finitro|Finitro Forte Plus
First In Limited|www.firstin.co.nz|First-in.co.nz|firstin.co.nz
First National Real Estate|First National Methven
Fisher & Paykel|Fisher & Paykel Finance|Fisher and Paykel
Fishpond|Fishpond Limited|Fishpond.co.nz
FitBit Ltd|FitBit Inc.
Flight Centre|Flight Centre Limited|Flight Centre (NZ) Limited|Flight Centre (NZ) Ltd
Fluoride Action Network New Zealand|Fluoride Action Network NZ|Fluoride Action Network|Fluoride Action Network of New Zealand|FANNZ|Fluoride Free NZ|– FAN – “Fluoride Action Network”
Fonterra Brands|Fonterra Brands (New Zealand) Limited|Fonterra Brands (New Zealand) Ltd (Anchor Milk)|Fonterra Brands (NZ) Limited|Fonterra Brands (Tip Top) Limited|Fonterra Brands (Tip Top) Ltd|Fonterra Brands - Primo|Fonterra Brands - Tip Top|Fonterra Brands New Zealand|Fonterra|Fonterra Co-operative Group Ltd|Fonterra Brands (NZ) Ltd|Fonterra Co- Operative Group Limited|Fonterra Co-operative Ltd
Foodstuffs (NZ) Limited|Food Stuffs (Auckland) Limited|Foodstuff Limited - New World|Foodstuffs (Wellington) Co-op Society Limited|Foodstuffs (Wellington) Co-operative Society Limited|Foodstuffs Cooperatives and Foodstuffs (NZ) Limited,|Foodstuffs (Auckland Ltd) - New World|Foodstuffs (Auckland) Limited|Foodstuffs (Auckland) Ltd|Foodstuffs (Auckland) Ltd - New World|Foodstuffs (NZ) Ltd|Foodstuffs (South Island) Limited|Foodstuffs (Wellington) Co-operative Society Ltd|Foodstuffs (Wellington) Coop Ltd|Foodstuffs (Wellington) Coop Society Ltd|Foodstuffs - New World|Foodstuffs - Pak n Save|Foodstuffs - Pak n Save Albany|PAK'nSAVE - Lincoln North & Henderson|Westend Foodbarn Hastings Limited - Pak n Save|Foodstuffs Auckland Limited|Foodstuffs Central Co-operative|Foodstuffs Ltd|Foodstuffs Ltd - New World|Foodstuffs South Island Limited|Foodstuffs Wellington|Foodstuffs Auckland|Foodstuffs Limited|Food Stuffs Ltd|Foodstuff Ltd|Foodstuffs|Foodstuffs New World|Foodstuffs North Island|Pak 'n' Save|PAK'nSAVE
Ford Motor Company of New Zealand Limited|Ford Motor Company of New Zealand Ltd
Foster's Group Limited|Fosters Group Limited|Fosters Group New Zealand
Freedom Furniture|Freedom Furniture NZ Ltd
Freeview|Freeview Limited|Freeview New Zealand|Freeview New Zealand Limited|Freeview New Zealand Ltd|Freeview Ltd
Freshchoice|Fresh Choice Barrington - Alcohol Free
Frucor Beverages|Frucor Beverages - Energy Drinks|Frucor Beverages Limited|Frucor Beverages Ltd|Frucor Beverages Ltd - Frank Ginger & Lime|Frucor Beverages (NZ) Limited
Fujitsu General New Zealand|Fujitsu General New Zealand Limited|Fujitsu General New Zealand Ltd|Quality Air - Fujitsu Heat Pumps|Fujitsu General Limited
GE Money New Zealand|GE Finance and Insurance - GE Money
Genesis Energy|Genesis Power Limited
George Weston Foods (NZ) Ltd|George Western Foods Limted|Allied Food Co. Limited (George Weston Foods (NZ) Ltd)|George Western Foods (NZ) Ltd
GIGI Adult Department Store|Gigi New Zealand
GlaxoSmithKline|GlaxoSmithKline Consumer Healthcare|GlaxoSmithKline Consumer Healthcare Australia|GlaxoSmithKline New Zealand Ltd|GlaxoSmithKline NZ Limited|GlaxoSmithKline NZ Limited (GSK)|GSK Pharmaceuticals
GM Business Management Inc|GM Business Management Inc.
Golden Homes|Golden Homes Limited.
Goodman Fielder|Goodman Fielder New Zealand Limited|Goodman Fielder New Zealand Ltd|Goodman Fielder New Zealand
Google Sydney|Google Search Result
Grabone|GrabOne.co.nz
GrandReef.TV|Grand Reef.tv
Green Acres Franchise Group|Green Acres Franchise Group Limited
Green Party of New Zealand|Green Party of Aotearoa New Zealand
Green Solution NZ Ltd - A. Forsyth|Green Solution NZ Ltd
Greenpeace Aotearoa New Zealand|Greenpeace Aotearoa / New Zealand
Group Against Liquor Advertising (GALA)|Group Against Liquor Advertising (GALA).|GALA
Groupon|Groupon Australia Pty Limited|Groupon NZ|Groupon.co.nz
Guardians NZ Limited|Guardians NZ Ltd
Gun City|Gun City Ltd
Guthy-Renker Australia Pty Ltd|Guthy Renker Australia Pty Ltd
Habitual Fix|Habitual Fix Systems NZ Ltd
Hachette Livre NZ Ltd|Hachette NZ
Hallensteins|Hallenstein Glasson Holdings Ltd|Hallensteins Glasson Holdings Ltd|Hallensteins Bros Ltd|Glassons|Hallenstine Glasson Holdings Ltd
Hamilton Abuse Intervention Project|Hamilton Abuse Intervention Programme
Hampsta|Hampsta NZ Limited|Hampsta NZ Ltd
Hancocks Wine and Spirit Merchants|Hancocks Wine & Spirits Merchants
Hanover Finance Ltd|Hanover Group Limited
Happy Families|Happy Families Limited|Happy Families Ltd
Harcourts Real Estate New Zealand|Harcourts - Mana-Kapiti-Horowhenua Realty Ltd MREINZ|Harcourts Advantage Realty Ltd|Harcourts Birkenhead|Harcourts Grenadier|Harcourts Group Ltd|Harcourts
Hardy's Health Stores|Hardy's Health Store|Hardy's Health Stores, Taupo|Hardy’s Health Store|Hardy's Healthy Living
Harley-Davidson Ltd|Harley- Davidson Ltd
Harvey Norman|Harvey Norman (NZ) Ltd|Harvey Norman Limited|Harvey Norman Stores (NZ) Ltd|Harvey Norman Stores (NZ) Pty Limited|Harvey Norman Stores (NZ) Pty Ltd|Harvey Norman Stores (NZ) Pty. Ltd|Harvey Norman Stores (Pty) Ltd|Harvey Norman Store (NZ) Pty Ltd|Harvey Norman Stores NZ (Pty) Ltd|Harvey Norman Stores NZ
Hawke's Bay District Health Board|Hawke'sBay District Health Board
Health 2000|Health2000+
Health Pride|Health Pride Pty Ltd|Health Pride Strike It Rich
Heinz Watties Limited|Heinz Watties Ltd|Heinz
Hellers|Hellers Ltd
Hell Pizza|Hell Franchising Ltd|Hell Pizza Billboard Advertisement|TPF Group - Hell Pizza|hells Pizza
Henergy Eggs|Henergy Eggs Limited
Hewlett Packard New Zealand Ltd|Hewlett Packard NZ
Holden New Zealand Limited|GM Holden Ltd - Saab Automobile New Zealand|Holden New Zealand Ltd|Holden New Zealand
Holy Sheet - Ponsonby|Holy Sheet
Homeopathy Centre|Homeopathy Centre Christchurch
Honda New Zealand|Honda New Zealand Ltd
Hoyts NZ Limited|Hoyts 5 Lower Hutt|Hoyts cinema - Riccarton|Hoyts Cinemas Limited|Hoyts Cinemas NZ Ltd
Hunt & Gaunt Optometrists - Titirangi|Hunt & Gaunt Optometrists
Hunters and Collectors Ltd|Hunters and Collectors Ltd (Christchurch)
Huntsman Steakhouse - P. Barron|Huntsman Steakhouse
Hyundai|Hyundai Automotive New Zealand Limited|Hyundai Motors Limited|Hyundai Motors New Zealand|Hyundai Motors NZ Limited|Hyundai New Zealand|Hyundai Motors NZ
Ian Roebuck Crane Hire|Ian Roebuck Crane Hire Ltd
Il Bordello|Il-Bordello
Independent Liquor|Independent Liquor (NZ) Limited|Independent Liquor (NZ) Ltd - "Mate's Girlfriend"|Independent Liquor (NZ) Ltd|Independent Liquor (NZ) Ltd - "Mate's Mum"|Independent Liquor - Woodstock
Inghams Enterprises (NZ) Pty Limited|Inghams Enterprises Pty. Limited
Inland Revenue|Inland Revenue Department
Instant Finance|Instant Finance NZ Ltd|Instant Finance Ltd|Instant Finance New Zealand|Instant Finance NZ Limited
Intercity Group|InterCity|InterCity Group (NZ) Limited
Ionza New Zealand Limited|IONZA Ltd
J.H. Whittaker & Sons Limited|J H Whittaker & Sons Ltd|J.H. Whittaker & Sons Ltd
James Hardie|James Hardie New Zealand Limited
JB Hi-Fi Group New Zealand|JB Hi-Fi NZ Limited|JB HiFi Group Ltd|JB Hi-Fi New Zealand
Jetstar Airways Pty Limited|Jetstar Airways Pty Limited/Qantas Airways Limited|Jetstar Airways Pty Ltd|Qantas Airways|Qantas - Jetstar|Qantas Airways Limited|Qantas Airways Limited - Jetstar|Qantas Airways Ltd
Jetts Fitness|Jetts 24 hour Fitness|Jetts Fitness New Zealand Limited
Johnson & Johnson (New Zealand)|Johnson & Johnson (New Zealand) Limited|Johnson & Johnson (NZ) Ltd|Johnson & Johnson Bedtime Bath and Bedtime Lotion|Johnson & Johnson Ltd (New Zealand)|Johnson & Johnson Neutrogena Rapid Clear Spot Gel|Johnson & Johnson New Zealand Limited|Johnson and Johnson (New Zealand) Ltd|Johnson & Johnson Pacific|Johnson and Johnson
Just Water International Limited|Just Water NZ
Kelloggs|Kelloggs New Zealand Limited|Kelloggs (NZ) Limited
Kim Crawford Wines|Kim Crawford Wine
Kimberly-Clark New Zealand|Kimberley-Clark New Zealand|Kimberley - Clark New Zealand|Kimberley Clark New Zealand|Kimberley Clark NZ|Kimberley Clark|Kimberly Clark Professional|Kimberly- Clark New Zealand|Kimberly- Clark Professional
Kingspan Limited (NZ)|Kingspan Insulated Panels Pty Ltd (Australia)
Kirkcaldie and Stains|Kirkcaldie and Stains Limited
Kiwibank|Kiwibank Limited|Kiwibank Ltd
Kiwirail|Kiwi Rail|ONTRACK - ProjectDART
Kiwis for Balanced Reporting on the Middle East|Kiwis for Balanced Reporting on the Mideast
Kmart New Zealand|K Mart New Zealand|K. Mart New Zealand|Kmart Mew Zealand
Koru Ultrasound|Koru Ultrasound- Shiatsu
L'Oreal New Zealand Limited|L'Oréal New Zealand Limited|L'Oreal New Zealand
L.J. Hooker|L. J. Hooker Timaru|L.J. Hooker Dunedin|L J Hooker
Labour Party|Labour Party of New Zealand|The Labour Party of New Zealand|New Zealand Labour Party|The Labour Party|The New Zealand Labour Party
Land Transport New Zealand|Land Transport New Zealand "landmines"|Land Transport New Zealand (LTNZ)
Law Debt Collection Limited|Law Debt Collection Ltd|Law Debt Collection Ltd ("LDC")
Lemon Z|Lemon-Z
Lexus New Zealand|Lexus of North Shore
Lifestyle Logic|Lifestyle Logic Limited|Lifestyle Logic Ltd
Lightyears Ahead|Light Years Ahead - Kronic|Lightyearsahead
Lion Nathan Limited|Lion - Beer, Spirits & Wine (NZ) Limited|Lion - Beer, Spirits & Wine (NZ) Ltd|Lion - Beer, Spirits and Wine (NZ) Ltd|Lion Breweries Limited|Lion Nathan|Lion Nathan (Waikato Draught)|Lion Nathan - Appleton Estate's Jamaica Rum|Lion Nathan - Waikato Draught Beer|Lion Nathan Brands Company Limited|Lion Nathan Ltd|Lion Nathan New Zealand Limited|Lion-Nathan Limited|Lion - Beer, Sprits & Wine (NZ) Limited|Lion - Beer, Wine & Spirits (NZ) Ltd|Lion- Beer, Spirits & Wine ( NZ) Limited|Lion- Beer, Spirits & Wine (NZ) Limited|Lion- Beer, Spirits & Wine NZ Limited|Lion - Beer, Spirits & Wine|Lion Beer Spirits & Wine NZ Limited|Lion Co|Lion Pty LTD|Lion- Beer, Spirits and Wine(NZ) Limited
Liquor Warehouse|Liquor Warehouse - Tokoroa
Liquorland|Liquorland Limited
Lockwood International Ltd|Lockwood Homes - Nelson
Loyalty New Zealand|Loyalty New Zealand Limited
Lulu Acupuncture|Lulu Acupuncture Clinic
Mad Butcher Holdings Limited|Mad Butcher Holdings Ltd
Magazine Associates Group Ltd|Magazine Associates Group Ltd - Wednesday Mover & Friday Trader
Magnamail|Magnamail Pty Limited|Magnamail Pty Ltd|Magnamail Ltd
MARAC Finance Limited|MARAC Finance - Nissan Finance
Mars New Zealand|Mars New Zealand Limited|Mars New Zealand Ltd
Masport Heating|Masport Fires
Master Tech Marine|MasterTech Marine
Mattel|Mattel New Zealand Limited|Mattel New Zealand Ltd|Mattel New Zealand
Max Fashions|Max Fashions Ltd
Mazda Motors of New Zealand Limited|Mazda Motors of New Zealand Ltd|Mazda Motors of New Zealand
Mbill Pty Ltd|MBill Pty Ltd - Soul Mate Finder.com
McCain Foods (NZ) Ltd|McCain Foods (Aust) Pty Ltd
McDonald's Family Restaurants|McDonald's Family Restraurants|McDonald's Restaurants (NZ) Ltd|McDonalds|McDonalds Family Restaurant|McDonalds Family Restaurants|McDonald's Family Restaurant|McDonald's Restaurants NZ Ltd
McGregors|McGregors Real Estate Ltd
MediaWorks NZ Ltd|Media Works NZ Limited|MediaWorks|Mediaworks - Vouchermate|Mediaworks New Zealand Limited|MediaWorks New Zealand Ltd|MediaWorks Ltd|MediaWorks Radio
Medtel|Medtel - Revitalash
Melanoma|'Melanoma'
Memorial Notice|"Memorial Notice"
Mercedes-Benz New Zealand Limited|Mercedes-Benz New Zealand Ltd
Merial New Zealand Limited|Merial New Zealand Ltd|Merial Ancare New Zealand Ltd
Meridian Energy|Meridian Energy Limited
Microsoft New Zealand Limited|Microsoft NZ Limited|Mircosoft NZ Limited|Microsoft New Zealand Ltd
Mighty River Power|Mighty River Power Limited
Millers Women's Fashion|Millers Womens Fashion
Ministry for Culture and Heritage|Ministry for Culture and Heritage - Going Digital
Ministry of Education|Ministry of Education / Team-Up
Ministry of Health|The Ministry of Health
Ministry of Social Development|Ministry for Social Development
Mitre 10 (New Zealand) Limited|Mitre 10 (New Zealand) Ltd|Mitre 10 (NZ) Limited|Mitre 10 Mega|Mitre 10 New Zealand Limited|Mitre 10 (New Zealand Ltd)
Mitsubishi Motors|Mitsubishi Motors New Zealand Limited|Mitsubishi Motors NZ Ltd|Mitsubishi Motors NZ Limited
Moa Brewing|Moa Brewing Company|Moa Beer
Mobil Oil New Zealand Limited|Mobil Oil NZ|Mobil Oil Ltd|Mobil Oil New Zealand
Mobile Messenger|MobileMessenger
Motor Trade Association (Incorporated) (MTA)|Motor Trade Association (Inc)
Motorola Mobility New Zealand Limited|Motorola Mobility New Zealand Ltd
Mr Rental|Mr Rental Australia Pty Ltd
Muzzanic|"Muzzanic"
My Tax Ltd|My Tax .co.nz
Naked Bus|Nakedbus.com
Nando's New Zealand|Nando's Restaurant
National Screening Unit|The National Screening Unit New Zealand
Nestle|Nestle New Zealand Limited|Nestlé New Zealand Limited|Nestlé New Zealand Limited - Maggi|Nestle New Zealand Ltd|Nestle Health Science - Optifast|Nestle New Zealand|Nestle NZ|Nestlé New Zealand Limited - Maggi
New Zealand AIDS Foundation|New Zealand Aid Foundation|New Zealand Aids Foundatio
New Zealand Comedy Trust|The New Zealand Comedy Trust
New Zealand Council of Trade Unions (CTU)|New Zealand Council of Trade Unions
New Zealand Dairy Foods|New Zealand Dairy Foods Limited
New Zealand Dental Association|NZ Dental Association
New Zealand Film Commission|The New Zealand Film Commission
New Zealand International Comedy Festival|Am I Brown - The International Comedy Festival 2008|New Zealand International Comedy Festival 2009
New Zealand King Salmon|New Zealand King Salmon Company
New Zealand Lotteries Commission|Big Wednesday - NZ Lotteries
New Zealand Navy|NZ Navy
New Zealand Police|NZ Police
New Zealand Post|New Zealand Post Ltd
New Zealand Racing Board|The New Zealand Racing Board|NZ Racing Board
New Zealand Registered Architects Board|New Zealand Registered Architect's Board
New Zealand Transport Agency|New Zealand Transport Agency (NZTA)|NZ Transport Agency
New Zealand Wine Society|New Zealand Wine Society Limited
Nissan|Nissan New Zealand Limited|Nissan New Zealand Ltd|Nissan Limited|Nissan New Zealand
Noel Leeming|Noel Leeming Group|Noel Leeming Group (Bond & Bond)|Noel Leeming Group Limited|Noel Leeming Group Limited - Bond + Bond|Noel Leeming Group Limited - Bond+Bond|Noel Leeming Group Ltd|Noel Leeming Group Ltd - Bond+Bond|Noel Leeming Limited|Noel Leeming Limited - Bond + Bond|Noel Leemings Group Limited|Bond & Bond|Bond + Bond Labour Weekend Deals|Bond and Bond|Bond and Bond - Noel Leeming Group
Nokia New Zealand Limited|Nokia Australia Pty Ltd
Non Smoking|"Non Smoking"
Noodle Canteen|Noodle Canteen Ltd
North Beach Surf n Skate|North Beach Surf 'n Skate
Nourishe|Nourishe Health and Wellness
Novartis New Zealand Limited|Novatis Consumer Health OTC|Novartis Consumer Health Australia Pty Ltd
NZ Girls|NZ Girls Escorts
NZ Mens Clinic|New Zealand Men's Clinic
NZCU|NZCU Baywide
OPSM|OPSM Pty Ltd
Oral B|Oral B Laboratories Pty. Ltd
Orange Natural Health|Orange Clinic of Natural Medicine
Orcon|Orcon Internet|Orcon Internet Limited|Orcon Internet Ltd|Orcon International
Our Pacific - Radisson Fiji|Our Pacific - Your Fiji Islands Holiday Specialists
Overland|Overland Footwear Company Limited
P & O Cruises|P & O Cruises - Carnival Australia|Carnival Australia - P & O Cruises
Pacific Brands Clothing|Pacific Brands Clothing Group NZ|Pacific Brands Clothing Limited|Pacific Brands Clothing NZ Ltd|Pacific Brands New Zealand|Pacific Brands|Pacific Brands Clothing NZ Limited|Pacific Brands Ltd|Pacific Brands Underwear Group
Pain Suffer|"Pain Suffer" - D. Loher
Panasonic New Zealand|Panasonic New Zealand Ltd|Panasonic New Zealand Limited
Paper Plus|Paper Plus Group
Paramount Pictures|Paramount Pictures (NZ)|Paramount Pictures (NZ) - Wolfman|Paramount Pictures - The Uninvited Movie|Paramount Pictures NZ
Parmco|Parmco Appliances
Paul Kelly Motors|Paul Kelly Motor Group
PB Technologies|PB Technologies Limited|PB Technologies Ltd
Peaches & Cream|Peaches and Cream|Peaches and Cream - Christchurch
Pernod Ricard|Pernod Ricard New Zealand|Pernod Ricard New Zealand Limited|Pernod Ricard NZ Limited|Pernod Ricard NZ Ltd
Personalised Plates|Personalised Plates New Zealand
Peugeot NZ|Peugeot New Zealand
Pfizer New Zealand|Pfizer New Zealand (Pfizer)|Pfizer New Zealand Limited|Pfizer Prescription Healthcare|Pfizer New Zealand Ltd
Pharma Health New Zealand Ltd|Pharma Health NZ Ltd
Pinnacle Life|Pinnacle Life Insurance
Pollock & Sons|Pollock & Sons Crane Hire Ltd
Powershop|Powershop.co.nz|Powershop New Zealand Limited
Premium New Zealand Trading Company|Premium New Zealand Trading Company Ltd
Prime Television|Prime Television Limited|Prime
Procter & Gamble|Procter & Gamble - Vicks|Procter & Gamble Australia Pty Ltd|Procter & Gamble Distributing New Zealand|Proctor & Gamble Australia Pty Ltd|Proctor and Gamble Australia Pty Ltd|Procter & Gamble Distributing New Zealand Limited|Proctor & Gamble Distributing New Zealand
Professionals Real Estate|Professionals Gillies and Mark Real Estate Ltd|Professionals Lochores Real Estate
Progressive Enterprises|Progressive Enterprises Instore|Progressive Enterprises Limited|Progressive Enterprises Limited - Countdown|Progressive Enterprises Ltd|Progressive Enterprises Ltd - Woolworths|Progressive Enterprises Ltd.
Puraz Health Limited|Puraz Health Ltd
Pure Natural Health Pty Ltd|Pure Natural Health Pty Ltd - Lemon Detox Diet
Qantas|Qantas Airlines
Quality Point - Pain Gone|Quality Point - Australia
Quantium Solutions Pty Ltd|Quantium Solutions (New Zealand) Pty Limited
Quotable Value|Quotable Value Limited
Rabobank New Zealand Limited|Rabo Direct|Rabobank New Zealand Ltd
Radiance Developments Int Limited|Radiance Developments Int Ltd|Radiance Developments Int. Ltd
Reader's Digest|Readers Digest|Reader’s Digest
Realestate.co.nz|Realestate.co.nz Limited|Realestate.co.nz Ltd
Rebel Sport|Rebel Sports
Reckitt Benckiser|Reckitt Benckiser (New Zealand) Limited|Reckitt Benckiser (New Zealand) Ltd|Reckitt Benckiser (NZ Ltd)|Reckitt Benckiser (NZ)|Reckitt Benckiser (NZ) Ltd|Reckitt Benckiser - Durex|Reckitt Benckiser Australia Pty Ltd|Reckitt Benckiser Ltd|Reckitt Benckiser New Zealand|Reckitt Benckiser NZ Limited|Reckitt Benckiser NZ Limited (Dettol)|Reckitt Benckiser NZ Limited - Dettol|Reckitt Benckiser NZ Ltd|Reckitt Benckiser (New Zealand)|Reckitt Benckiser (NZ) Limited
Red Bull|Red Bull New Zealand|Red Bull New Zealand Limited|Red Bull New Zealand Ltd
Redwood Cellars|Old Mout Cider - Redwood Cellars
Registered Master Builders of NZ Inc.|Registered Master Builders Federation of New Zealand Inc.|Registered Master Builders' Federation
Remax Leaders Real Estate|ReMax Leaders Real Estate Ltd|RE/MAX International Inc.|RE/MAX Property MRIENZ
Repco|Repco New Zealand
Restaurant Brands|Restaurant Brands Limited|Restaurant Brands New Zealand Ltd|Restaurant Brands NZ Limited|Restaurant Brands NZ Ltd|Restaurant Brands Ltd|KFC - Restaurant Brands
Rialto Cinemas|Rialto Cinema Tauranga
Richmastery Limited|Richmastery Limited Special Offer DVD
Right to Life New Zealand (Inc)|Right to Life New Zealand Inc.
Roadshow Film Distributors|Roadshow Entertainment (NZ) Ltd|Roadshow Film Distributors (NZ) Ltd|Roadshow Entertainment
Russell and Brown Limited|Russel and Brown Limited
SAFE|SAFE - The Voice for all Animals
Sai Motels Limited|Sai Motels Limited - Greenlane Auckland
Salvation Army|The Salvation Army
Samsung Electronics Australia Pty Limited|Samsung Electronics Australia Pty Ltd|Samsung Electronics New Zealand
Sanitarium Health and Wellbeing Company|Sanitarium Health Food Company New Zealand & Others|Sanitarium Health & Wellbeing Company|Sanitarium Health Food Company|Sanitarium Health Food Company (NZ) Limited|Sanitarium Health Food Company NZ|Sanitarium NZ
SC Johnson & Son Pty Ltd|SC Johnson & Sons Pty Ltd|SC Johnson and Son Pty Ltd|SC Johnson and Son Pty. Ltd|S. C. Johnson and Son - Glade Touch & Fresh|SC Johnson & Son Pty
SCA Hygiene|SCA Hygiene Australasia|SCA Hygiene Australia|SCA Hygeine Australasia|SCA Hygiene Australasia - Libra
Screen Enterprises Limited|Screen Enterprises Ltd
Seek|Seek Limited|Seek Limited (Seek NZ)|Seek Ltd
Sex Gear|SG Limited
Sheradon Publications|Sheradon Publications - Fortune on Four
Showtime Management|Showtime Management - Hannah and Miley
Signature Homes|Signature Homes - Waikato|Signature Homes Hawkes Bay Ltd
Silberhorn|Silberhorn Limited|Silberhorn Ltd
Silo Theatre - Auckland|Silo Midsummer Play
Silver Oaks Group|Silveroaks Hotel on Thorndon
Simillimum Homeopathic Pharmacy Ltd|Simillimum Homeopathy
Simply Squeezed|Simply Squeezed Holdings Limited
Sky City Cinemas|Skycity Cinemas Limited|Skycity Entertainment Group Limited|SKYCITY Entertainment Group Limited Fatso - Screen Enterprises Ltd|SKYCITY Entertainment Group Ltd
SKY Network Television Limited|Sky Network Ltd|Sky Network Television|SKY Network Television Limited - Staying-alive.org|SKY Network Television Ltd|SKY Television|Sky Television Limited|Sky Television Network|Sky Television Network Limited|Sky Television Network Ltd|"Journey into Wine Australia" - Sky Network Television Ltd
Smile City|SmileCity Limited
Smith & Smith|Smith & Smith®|Smith & Smith - Carglass (NZ) Ltd|Smith & Smith Autoglass|Smith & Smith®
Smiths City|Smiths City Timaru|Smith City
Snapper Services Limited|Snapper Services Ltd
Sony|Sony Computer Entertainment|Sony Computer Entertainment Australia Pty Ltd|Sony Computer Entertainment Australia Pty Limited|Sony Pictures (NZ) Limited|Sony Pictures (NZ) Ltd|Sony Pictures - "Walk Hard" Movie|Sony Pictures Limited|Sony Pictures New Zealand|Sony Music Entertainment New Zealand|Sony Pictures|Sony Pictures NZ
Southern Cross Healthcare|Southern Cross Health Care
Sovereign Insurance|Sovereign Life Insurance Limited|Sovereign Limited
Specsavers|Specsavers Gisborne Ltd|Specsavers New Zealand Limited|SpecSavers New Zealand Ltd
Spotlight|Spotlight Stores (N.Z.) Ltd
Spreets NZ|Spreets Pty Limited
St John|St John New Zealand
St Matthew-in-the-City Anglican Church|St Mattews-in-the-City Anglican Church
State Insurance|IAG New Zealand Limited ("State Insurance")
STIHL Limited|STIHL Ltd
Subliminal|"Subliminal"
Subway|Subway New Zealand
Sunnys Variety Stores|Sunny's Variety Stores
Super Cheap Auto|Super Cheap Auto Pty Ltd|Supercheap Auto
Super Liquor Holdings Limited|Super Liquor Holding Limited|Super Liquor Holding Ltd|Super Liquor Holdings|Super Liquor Holdings Ltd
Supré|Supre Clothing|SuprÃ©
SureSlim NZ|SureSlim NZ Limited
Suzuki New Zealand|Suzuki New Zealand Limited
T&T Childrenswear|T&T Childernswear
TAB|TAB Sports Betting
Take 2 Interactive Software Pty Ltd|Take 2 Interactive
Tasti Products Limited|Tasti New Zealand
Tauranga City Aquatics Limited|Tauranga City Aquatics Ltd
TaxRefunds.co.nz|Tax Refunds.co.nz
Tegel Foods Limited|Tegel Foods Ltd
Spark New Zealand|Telecom New Zealand|Telecom Corporation of New Zealand Limited|Telecom New Zealand Limited|Telecom New Zealand Ltd|Telecom New Zealand Ltd (Skinny Mobile)|Skinny Mobile|Skinny|Telecom NZ Limited|Telecom XT|Spark New Zealand Ltd|Spark Ltd New Zealand
Television New Zealand|Television New Zealand Limited|Television New Zealand Ltd
TelstraClear|TelstraClear Broadband|TelstraClear Limited|TelstraClear Ltd
The Bed Factory Ltd|The Bed Factory Ltd - Rest
The CACI Clinic Ltd|The CACI Clinic - Milford
The Edge|The Edge Radio
The Fine Wine Delivery Company|Fine Wine Delivery Company|The Fine Wine Delivery Company email advertisement.
The Good Water Company|The Good Water Company Ltd
The Mad Butcher|The Mad Butcher Hillcrest|The Mad Butcher Holdings Limited|The Mad Butcher Limited
The Mill Liquor Save|The Mill Liquor Save Direct|The Mill Liquorsave|The Mill Flyer
The New Zealand Automobile Association Inc.|The New Zealand Automobile Association Incorporated
The Original Aussie Butcher|The Original Aussie Butcher (Henderson)|The Original Aussie Butcher (Papakura)
The Orthodontic Centre|Orthodontic Centre
The Quit Group|Quit Group / Me Mutu
The Radio Network|The Radio Network - Steve Keats|The Radio Network - Wellington|The Radio Network Auckland|Radio Network
The RadioWorks|The Radio Works|The RadioWorks Limited|RadioWorks|RadioWorks - RadioLive
The Spa and Pool Factory|The Spa & Pool Factory Ltd
The University of Auckland|University of Auckland
The Vitamin Club|The Vitamin Club Limited
The Warehouse|The Warehouse (NZ) Ltd|The Warehouse Catalogue|The Warehouse Limited|The Warehouse Ltd
The Woodward Group Limited - Wishbone|The Woodward Group Limited
Ticketek NZ|Ticketek New Zealand Limited|Ticketek New Zealand Ltd
TMG Asia Pacific Pty Ltd|TMG Asia Pacific Pty Ltd (Get Fit)|TMG Asia Pacific Pty Ltd (James Bond)|TMG Asia Pacific Pty Ltd (Lucky Day)|TMG Asia Pacific Pty Ltd (Playstation)|TMG Asia Pacific Pty Ltd (Star Wars)|TMG Asia Pacific Pty Ltd (Wordquest)|TMG Company
Tool Trader|"Tool Trader" - Trade me
Tourism Holdings Ltd|Tourism Holdings Ltd - Kiwi Experience
Tourism Properties|Tourism Properties - South Island
Tower Insurance|Tower Insurance - FinTel Insurance
Toyota New Zealand Limited|Toyota New Zealand Ltd|Toyota New Zealand Rav 4|Toyota New Zealand
TradeMe|Trade Me|Trade Me Limited|Trade Me Ltd|TradeMe Ltd
Trossachs Kintyre|C. Schmidt - Trossachs Kintyre,
Trustpower|TrustPower Limited
Turners Auctions|Turners Auctions - Palmerston North|Turners Auctions Limited|Turners Auctions Ltd
Two Degrees Mobile Limited|Two Degrees Mobile Ltd
uCool Games|uCool Inc
Unilever|Unilever Australasia|Unilever Austrailia|Unilever Australasia - Flora Pro-Activ|Unilever Australasia - Lynx|Unilever Australasia - Rexona|Unilever Australasia - Streets|Unilever Australasia - Streets Magnum|Unilever Australasia - Sunsilk|Unilever Australasia Limited|Unilever Australasia Pty Ltd|Unilever Australasia Sunsilk|Unilever Australiasia|Unilever New Zealand Ltd
Universal Music New Zealand Limited|Universal Music New Zealand Ltd|Universal Music New Zealand
Valeant Pharmaceuticals New Zealand Limited|Valent Pharmaceuticals NZ Ltd
Veda Advantage (NZ) Limited|Veda Advantage (NZ) Ltd
Vehicle Testing New Zealand|Vehicle Testing New Zealand (VTNZ)
Video Ezy|Video Ezy Helensville|Video Ezy International (NZ) Limited
Virgin Blue Australia|Virgin Blue - "The Lounge"|Pacific Blue Airlines (NZ) Limited
VitacoHealth (NZ) Ltd|Vitaco Health New Zealand Limted|Vitaco Health (NZ) Ltd - Ester-C
Vodafone|Vodafone NZ|Vodafone New Zealand|Vodafone New Zealand Limited|Vodafone New Zealand Ltd|Vodafone NZ Limited|Vodafone NZ Ltd
Volkswagen New Zealand|Volkswagon New Zealand
Volvo New Zealand|Volvo Cars New Zealand
Waikato Times|Waikato Times Ltd
Warehouse Stationery|Warehouse Stationary|Warehouse Stationary Limited
Watergain Limited|Watergain Ltd
Wendy's Hamburgers|Wendy's Old Fashioned Hamburgers|Wendys Old Fashioned Hamburgers|Wendco (NZ) Ltd|Wendy’s Hamburgers
Westpac Bank|Westpac Bank Limited|Westpac New Zealand|Westpac New Zealand Limited|Westpac New Zealand Ltd
Wet & Forget Limited|Wet and Forget Limited|Wet and Forget
Whitcoulls Group Ltd|Whitcoulls Group Limited
Widex Ltd|Widex Ltd - Hearing Aids
Wills Fishing & Firearms|Wills Fishing and Firearms
Wilson Consumer Products|Wilson Consumer Products - Voss
Wilson Parking|Wilson Parking New Zealand|Wilson Parking New Zealand Limited
Woman's Day|Woman's Day Magazine
Woodridge Developments|Woodridge Development|Woodridge Developments Ltd
Woolrest Biomag|Woolrest Bio Mag New Zealand|Woolrest BioMag New Zealand|Woolrest BioMag NZ|Woolrest BioMag NZ Ltd|BioMag New Zealand Limited|BioMag NZ Ltd|Biomag New Zealand|Biomag|Biomagnetic Therapies - Biomag Underlay|Woolrest and Biomag - Biomagnetic Therapies|Woolrest Biomag Underlay Combo
Woosh Wireless|Woosh Wireless Limited
World Vision|World Vision New Zealand|World Vision of New Zealand Ltd|World Vision of New Zealand
www.1-day.co.nz|1- day.co.nz|1-day.co.nz|1.day.co.nz|1day-out.co.nz|Torpedo 7 Limited|Torpedo7 Ltd|1 Day|1day.co.nz
www.3deals.co.nz|3deals.co.nz
Wyeth (NZ) Limited|Wyeth (NZ Limited)|Wyeth (NZ) Ltd
Yahoo!Xtra|Yahoo! 7 Limited
Youi|Youi Insurance
Zealand Publishing House|Zealand Publishing House - Ultimate Cleanse
Zeker Ridge Genetix|Zeker Ridge Border Collies|Zeker Ridge Genetix - G. Haakma|Zeker Ridge Genetix - Trade Me
The New Zealand Chinese Assoc. Inc. |The New Zealand Chinese Assoc. Inc.
Wikitoria Maori Healing|Wikitoria Healing