A. de Graaf - Wellington Combined Taxis|A. de Graaf#Wellington Combined Taxis
A. Hearn - Alcohol Advisory Council of New Zealand|A. Hearn#Alcohol Advisory Council of New Zealand
A. Hosking - Vodafone New Zealand Limited|A. Hosking#Vodafone New Zealand Limited
A. McEwen - New Zealand Institute of Forestry|A. McEwen#New Zealand Institute of Forestry
A. Sharland & Room 9|A. Sharland|#Room 9
Acton International Marketing Ltd - R. Thomas|R. Thomas#Acton International Marketing Ltd
Adventure Tours Christchurch & Canterbury NZ Ltd - G. Venning|G. Venning#Adventure Tours Christchurch & Canterbury NZ Ltd
B. Lang- G J Gardner|B. Lang#G. J. Gardner
B. Lester on behalf of Ashburton District Council|B. Lester#Ashburton District Council
B. McCoskrie - Family First|B. McCoskrie#Family First
B. McCroskie - Family First New Zealand|B. McCoskrie#Family First New Zealand
B. Viall - Intercity Group|B. Viall#Intercity Group
B. Youdan - Action on Smoking Health (ASH)|B. Youdan#Action on Smoking and Health (ASH)
B. Youdan, Action on Smoking and Health (ASH)|B. Youdan#Action on Smoking and Health (ASH)
C. Campbell - Avon Electrical Ltd|C. Campbell#Avon Electrical Ltd
C. Jackson - Equal Parental Rights Society|C. Jackson#Equal Parental Rights Society
C. Kay on behalf of New Zealand Steel|C. Kay#New Zealand Steel
C. La Pine - Cambridge Physiotherapy & Acupuncture Clinic|C. La Pine#Cambridge Physiotherapy & Acupuncture Clinic
C. Lock - Kennard Real Estate Limited|C. Lock#Kennard Real Estate Limited
C. Martin - Insite Security|C. Martin#Insite Security
C. McNamara (Debt Network) and L. Hill (Pokie Concern Wellington)|C. McNamara#Debt Network|L. Hill#Pokie Concern Wellington
C. Turner (GALA)|C. Turner#GALA
C. Turner (GALA) & Others|C. Turner#GALA|Others
C. Turner - GALA|C. Turner#GALA
C. Turner - Group Against Liquor Advertising (GALA).|C. Turner#Group Against Liquor Advertising (GALA).
D. Blewden (Northern Flower Growers Association Incorporated|D. Blewden#Northern Flower Growers Association Incorporated
D. Crum on behalf of the NZ Dental Association|D. Crum#NZ Dental Association
D. Ritchie (Stop Demand Foundation) & Others|D. Ritchie#Stop Demand Foundation|Others
D. Ritchie, Stop Demand Foundation & Others|D. Ritchie#Stop Demand Foundation|Others
D. Rode, InterCity Group (NZ) Limited|D. Rode#InterCity Group (NZ) Limited
Dr P. Salmon - SKINCENTRE - Specialist Dermatologists|Dr P. Salmon#SKINCENTRE - Specialist Dermatologists
E. Baird - New Zealand Dermatological Society|E. Baird#New Zealand Dermatological Society
E. Bang on behalf of the National Council of Women of New Zealand|E. Bang#National Council of Women of New Zealand
E. Hughes - Tauranga City Council|E. Hughes#Tauranga City Council
E. Waters - Waiheke Gulf News|E. Waters#Waiheke Gulf News
F. Khan - Club FX|F. Khan#Club FX
G. & T. Brown (Get Brown Tanning)|G. & T. Brown#Get Brown Tanning
G. Leach - New Zealand Society of Physiotherapists Inc|G. Leach#New Zealand Society of Physiotherapists Inc
G. Mace - Epiderm New Zealand Limited|G. Mace#Epiderm New Zealand Limited
G. Marshall - Waste Away South Ltd|G. Marshall#Waste Away South Ltd
G. Vaughan (Alcohol Advisory Council of New Zealand)|G. Vaughan#Alcohol Advisory Council of New Zealand
G. Vaughan - Alcohol Advisory Council of New Zealand (ALAC)|G. Vaughan#Alcohol Advisory Council of New Zealand (ALAC)
G. Vaughan on behalf of the Alcohol Advisory Council of New Zealand (ALAC) and K. Sewell.|G. Vaughan#Alcohol Advisory Council of New Zealand (ALAC)|K. Sewell
G. Vaughan, Alcohol Advisory Council of New Zealand (ALAC)|G. Vaughan#Alcohol Advisory Council of New Zealand (ALAC)
Gold|C. Gold
H. Duncan - Bayleys Real Estate Ltd|H. Duncan#Bayleys Real Estate Ltd
H. Prebble - Texture Plants Ltd|H. Prebble#Texture Plants Ltd
H. Pua - Capital Taxis Ltd|H. Pua#Capital Taxis Ltd
H. Waretini - New Zealand Police|H. Waretini#New Zealand Police
I. Grindle - Ray White Tauranga|I. Grindle#Ray White Tauranga
J. Fitzsimons - Green Party of Aotearoa New Zealand|J. Fitzsimons#Green Party of Aotearoa New Zealand
J. Luiten - Waikato Anti-Racism Coalition|J. Luiten#Waikato Anti-Racism Coalition
J. Paterson - Horsemanship New Zealand|J. Paterson#Horsemanship New Zealand
J. Triggs - Bee Pure New Zealand|J. Triggs#Bee Pure New Zealand
J. West - The Association of Beauty Therapists NZ INC|J. West#The Association of Beauty Therapists NZ INC
K. Shirley, Researched Medicines Industry Association (RMI)|K. Shirley#Researched Medicines Industry Association (RMI)
L. Blowers - Thermo Pro Inspections Limited|L. Blowers#Thermo Pro Inspections Limited
L. Butler - Regional Public Health|L. Butler#Regional Public Health
L. Butler - Welllington Smokefree Network|L. Butler#Wellington Smokefree Network
L. Collins on behalf of Kumara Environmental Action|L. Collins#Kumara Environmental Action
L. Connelly - Hectic Netway|L. Connelly#Hectic Netway
L. Frederikson - NZAO|L. Frederikson#NZAO
L. Hill (George Street Normal Board of Trustees)|L. Hill#George Street Normal Board of Trustees
L. Hill - Pokie Concern Wellington|L. Hill#Pokie Concern Wellington
L. James (Women's Health Action) & L. Huson|L. James#Women's Health Action|L. Huson
L. Sturgiss - Obesity Action Coalition|L. Sturgiss#Obesity Action Coalition
M. Apa - Ministry of Health|M. Apa#Ministry of Health
M. Baines - Motel Association of New Zealand & Others|M. Baines#Motel Association of New Zealand|Others
M. Beckett - Natural Products NZ|M. Beckett#Natural Products NZ
M. Craig, Consumers' Institute and others|M. Craig#Consumers' Institute|Others
M. de Jong - Matrex|M. de Jong#Matrex
M. Dunnett - New Zealand Association of Bakers Inc|M. Dunnett#New Zealand Association of Bakers Inc
M. Gregan, Problem Gambling Foundation of New Zealand|M. Gregan#Problem Gambling Foundation of New Zealand
M. Gregan - Problem Gambling foundation of New Zealand|M. Gregan#Problem Gambling foundation of New Zealand
M. McAlevey - Otago Mental Health Support Trust|M. McAlevey#Otago Mental Health Support Trust
M. Patmoy - Hawke's Bay Trader Magazine|M. Patmoy#Hawke's Bay Trader Magazine
M. Pretty, Heinz Watties Limited|M. Pretty#Heinz Watties Limited
M. Skinner - Professional Garden Services|M. Skinner#Professional Garden Services
M. Sparrow - Abortion Law reform Association New Zealand Inc - ALRANZ|M. Sparrow#Abortion Law reform Association New Zealand Inc - ALRANZ
M. Spray - New Zealand Mountain Safety Council Inc|M. Spray#New Zealand Mountain Safety Council Inc
M. Wells - Youth Hostels Association of New Zealand|M. Wells#Youth Hostels Association of New Zealand
Ministry of Health - P. Tuohy|P. Tuohy#Ministry of Health
N. Sare - Thrifty Car Rental|N. Sare#Thrifty Car Rental
N. Launder, BodyMagnetix Limited|N. Launder#BodyMagnetix Limited
New Zealand Pine Manufacturers Association Inc - L. Halkett.|L. Halkett#New Zealand Pine Manufacturers Association Inc
P. Bright (Water Pressure Group)|P. Bright#Water Pressure Group
P. Dawson (Wellington Bridge Programme - The Salvation Army) & L. Hammond|P. Dawson#The Salvation Army|L. Hammond
P. Facoory - Condensation Control Ltd|P. Facoory#Condensation Control Ltd
P. Jackman (New Zealand Registered Architect's Board)|P. Jackman#New Zealand Registered Architect's Board
P. Jackman (New Zealand Registered Architects Board)|P. Jackman#New Zealand Registered Architects Board
P. Johnson - Loritz Circus|P. Johnson#Loritz Circus
P. Smulders - Mainland Press Limited|P. Smulders#Mainland Press Limited
R. Allison - Serenity Preschool|R. Allison#Serenity Preschool
R. Cheng - Pharmacy Guild of New Zealand (Inc)|R. Cheng#Pharmacy Guild of New Zealand (Inc)
R. Ford (Candor Trust Board) & B. Radley|R. Ford#Candor Trust Board|B. Radley
R. Jagger - H. Morris Funeral Services|R. Jagger#H. Morris Funeral Services
R. Paterson - Health and Disability Commissioner|R. Paterson#Health and Disability Commissioner
S. Allred - First National Methven|S. Allred#First National Methven
S. Bailey - Export Meat Warehouse Upper Hutt|S. Bailey#Export Meat Warehouse Upper Hutt
S. Challis - Scene Magazine|S. Challis#Scene Magazine
S. Crysell - Seafood Industry Council|S. Crysell#Seafood Industry Council
S. Dennis, Family Party|S. Dennis#Family Party
S. Knowles - Canoe and Kayak Bay of Plenty|S. Knowles#Canoe and Kayak Bay of Plenty
S. Kontelj - Specsavers|S. Kontelj#Specsavers
S. McCaughan - The Star|S. McCaughan#The Star
S. McKay - Gilberts Cartage|S. McKay#Gilberts Cartage
S. Peate - InterCity|S. Peate#InterCity
S. Sandford - Astro Coachlines Ltd|S. Sandford#Astro Coachlines Ltd
S. Sargentina on behalf of the Earthquake Commission|S. Sargentina#Earthquake Commission
S. Tobin - Orthodontic Centre|S. Tobin#Orthodontic Centre
S. Udy on behalf of Howick Local Board|S. Udy#Howick Local Board
S. Yorston - The Warehouse|S. Yorston#The Warehouse
S. Yorston - The Warehouse Limited|S. Yorston#The Warehouse Limited
T. Allen - Curzons Health|T. Allen#Curzons Health
T. Bostwick & M. Schumacher (National Foundation for the Deaf Ltd)|T. Bostwick#National Foundation for the Deaf Ltd|M. Schumacher#National Foundation for the Deaf Ltd
T. Ellwood - dmg World Media Ltd|T. Ellwood#DMG World Media Ltd
T. Jones - Schering-Plough|T. Jones#Schering-Plough
T. Mostert - Kindercare Learning Centres|T. Mostert#Kindercare Learning Centres
T. Roper - NZ Self-Medication Industry Association|T. Roper#NZ Self-Medication Industry Association
T. Woolston - Allied Publications Limited|T. Woolston#Allied Publications Limited
V. & M. Middledtitch & ASB Bank Limited|V. Middledtitch#|M. Middledtitch#|#ASB Bank Limited
V. Stewart - Invercargill Budget Advisory Service|V. Stewart#Invercargill Budget Advisory Service
W. Boote - Blackham Boote Real Estate Ltd|W. Boote#Blackham Boote Real Estate Ltd
W. Donaldson - Lakes District Health Board - Facilitator of Rotorua Breastfeeding Coordination Group|W. Donaldson#Lakes District Health Board
W. England - Napier Taxis Limited|W. England#Napier Taxis Limited
W. Howett (The Orthotic Centre)|W. Howett#The Orthotic Centre
W. Robinson - Franchize Consultants Ltd|W. Robinson#Franchize Consultants Ltd
W. Tucker - Podiatry New Zealand|W. Tucker#Podiatry New Zealand
Z. Jordan, Reckitt Benckiser (New Zealand) Ltd|Z. Jordan#Reckitt Benckiser (New Zealand) Ltd
B & J Longhurst|B. Longhurst|J. Longhurst
B. & P. Cole|B. Cole|P. Cole
B. & S. Dyer|B. Dyer|S. Dyer
C & D. Kite|C. Kite|D. Kite
C. & B. Wright|C. Wright|B. Wright
C. Ashley & N. and Z. Trezise|C. Ashley|N. Trezise|Z. Trezise
D & C Finlay|D. Finlay|C. Finlay
D & M. Low|D. Low|M. Low
D. & T. Reid|D. Reid|T. Reid
G & J Hoddin|G. Hoddin|J. Hoddin
G & L Carleton|G. Carleton|L. Carleton
G Rainey & Others|G. Rainey|Others
G Withers & A. Deal|G. Withers|A. Deal
G. & T. Brown|G. Brown|T. Brown
J & H Earnshaw|J. Earnshaw|H. Earnshaw
J & L MacGibbon|J. MacGibbon|L. MacGibbon
J & T. Stokes|J. Stokes|T. Stokes
J Anderton & A. Macfehin|J. Anderton|A. Macfehin
K & S Nyssen|K. Nyssen|S. Nyssen
K. & J. Powell|K. Powell|J. Powell
L Keys & Ors|L. Keys|Others
M & J. Dryden & Others|M. Dryden|J. Dryden|Others
M .Edmonds|M. Edmonds
N & L Watkins|N. Watkins|L. Watkins
N Barton & Others|N. Barton|Others
N. & M. Harrow|N. Harrow|M. Harrow
P & R Bracey & Others|P. Bracey|R. Bracey
P. & G. Leach|P. Leach|G. Leach
R & G Brooks|R. Brooks|G. Brooks
S Jamieson and S Journee|S. Jamieson|S. Journee
T Tousoon & Others|T. Tousoon|Others
D. & A. Broughton|D. Broughton|A. Broughton
P. & J. Highnett|P. Highnett|J. Highnett
L. & C. Richards|L. Richards|C. Richards
P. & M. Collins|P. Collins|M. Collins
P. & B. Jeffrey|P. Jeffrey|B. Jeffrey
C. & P. Stadler|C. Stadler|P. Stadler
G. & T. Brown|G. Brown|T. Brown
J. & D. Scott|J. Scott|D. Scott
H. & T. Hare|H. Hare|T. Hare
B. McCroskey|B. McCoskrie
B. McCroskrey|B. McCoskrie
R. Seddon- Smith|R. Seddon-Smith
R. O' Reilly|R. O'Reilly
E Law|E. Law
L. Mouat on behalf of The Association of New Zealand Advertisers|L. Mouat#The Association of New Zealand Advertisers
L. Carnie on behalf of St John|L. Carnie#St. John
P. Attwood for Waimarino. com|P. Attwood#waimarino.com
B & R. Jacobson and Others|B. Jacobson|R. Jacobson|Others
C & M Stewart and Others|C. Stewart|M. Stewart|Others
M, Hanna|M. Hanna
J. and K. Paynter|J. Paynter|K. Paynter
S. Stewart and V. and K. White|S. Stewart|V. White|K. White
Kwan|A. Kwan
Scobie|A. Scobie
C. Champers|C. Chambers
M . Edmonds|M. Edmonds